timestamp,value,metric,unit,interval,network,fetch_timestamp,dataset_type
2025-10-09 13:00:00+10:00,361584.34,power,MW,1h,NEM,2025-11-08 12:40:11.311426,hourly_1month
2025-10-09 14:00:00+10:00,346656.51,power,MW,1h,NEM,2025-11-08 12:40:11.311426,hourly_1month
2025-10-09 15:00:00+10:00,336576.76,power,MW,1h,NEM,2025-11-08 12:40:11.311426,hourly_1month
2025-10-09 16:00:00+10:00,333920.27,power,MW,1h,NEM,2025-11-08 12:40:11.311426,hourly_1month
2025-10-09 17:00:00+10:00,330195.09,power,MW,1h,NEM,2025-11-08 12:40:11.311426,hourly_1month
2025-10-09 18:00:00+10:00,329738.24,power,MW,1h,NEM,2025-11-08 12:40:11.311426,hourly_1month
2025-10-09 19:00:00+10:00,319093.71,power,MW,1h,NEM,2025-11-08 12:40:11.311426,hourly_1month
2025-10-09 20:00:00+10:00,302237.92,power,MW,1h,NEM,2025-11-08 12:40:11.311426,hourly_1month
2025-10-09 21:00:00+10:00,284305.76,power,MW,1h,NEM,2025-11-08 12:40:11.311426,hourly_1month
2025-10-09 22:00:00+10:00,266958.77,power,MW,1h,NEM,2025-11-08 12:40:11.311426,hourly_1month
2025-10-09 23:00:00+10:00,256873.03,power,MW,1h,NEM,2025-11-08 12:40:11.311426,hourly_1month
2025-10-10 00:00:00+10:00,247901.48,power,MW,1h,NEM,2025-11-08 12:40:11.311426,hourly_1month
2025-10-10 01:00:00+10:00,237933.02,power,MW,1h,NEM,2025-11-08 12:40:11.311426,hourly_1month
2025-10-10 02:00:00+10:00,233127.92,power,MW,1h,NEM,2025-11-08 12:40:11.311426,hourly_1month
2025-10-10 03:00:00+10:00,232623.51,power,MW,1h,NEM,2025-11-08 12:40:11.311426,hourly_1month
2025-10-10 04:00:00+10:00,236287.13,power,MW,1h,NEM,2025-11-08 12:40:11.311426,hourly_1month
2025-10-10 05:00:00+10:00,254403.44,power,MW,1h,NEM,2025-11-08 12:40:11.311426,hourly_1month
2025-10-10 06:00:00+10:00,274129.6,power,MW,1h,NEM,2025-11-08 12:40:11.311426,hourly_1month
2025-10-10 07:00:00+10:00,297597.59,power,MW,1h,NEM,2025-11-08 12:40:11.311426,hourly_1month
2025-10-10 08:00:00+10:00,330109.56,power,MW,1h,NEM,2025-11-08 12:40:11.311426,hourly_1month
2025-10-10 09:00:00+10:00,359989.1,power,MW,1h,NEM,2025-11-08 12:40:11.311426,hourly_1month
2025-10-10 10:00:00+10:00,376885.88,power,MW,1h,NEM,2025-11-08 12:40:11.311426,hourly_1month
2025-10-10 11:00:00+10:00,378774.56,power,MW,1h,NEM,2025-11-08 12:40:11.311426,hourly_1month
2025-10-10 12:00:00+10:00,371865.0,power,MW,1h,NEM,2025-11-08 12:40:11.311426,hourly_1month
2025-10-10 13:00:00+10:00,368835.78,power,MW,1h,NEM,2025-11-08 12:40:11.311426,hourly_1month
2025-10-10 14:00:00+10:00,367324.84,power,MW,1h,NEM,2025-11-08 12:40:11.311426,hourly_1month
2025-10-10 15:00:00+10:00,367595.96,power,MW,1h,NEM,2025-11-08 12:40:11.311426,hourly_1month
2025-10-10 16:00:00+10:00,349693.14,power,MW,1h,NEM,2025-11-08 12:40:11.311426,hourly_1month
2025-10-10 17:00:00+10:00,332987.59,power,MW,1h,NEM,2025-11-08 12:40:11.311426,hourly_1month
2025-10-10 18:00:00+10:00,316913.77,power,MW,1h,NEM,2025-11-08 12:40:11.311426,hourly_1month
2025-10-10 19:00:00+10:00,302423.31,power,MW,1h,NEM,2025-11-08 12:40:11.311426,hourly_1month
2025-10-10 20:00:00+10:00,288852.35,power,MW,1h,NEM,2025-11-08 12:40:11.311426,hourly_1month
2025-10-10 21:00:00+10:00,275388.36,power,MW,1h,NEM,2025-11-08 12:40:11.311426,hourly_1month
2025-10-10 22:00:00+10:00,263629.08,power,MW,1h,NEM,2025-11-08 12:40:11.311426,hourly_1month
2025-10-10 23:00:00+10:00,254872.19,power,MW,1h,NEM,2025-11-08 12:40:11.311426,hourly_1month
2025-10-11 00:00:00+10:00,244929.38,power,MW,1h,NEM,2025-11-08 12:40:11.311426,hourly_1month
2025-10-11 01:00:00+10:00,235292.67,power,MW,1h,NEM,2025-11-08 12:40:11.311426,hourly_1month
2025-10-11 02:00:00+10:00,226682.78,power,MW,1h,NEM,2025-11-08 12:40:11.311426,hourly_1month
2025-10-11 03:00:00+10:00,222549.66,power,MW,1h,NEM,2025-11-08 12:40:11.311426,hourly_1month
2025-10-11 04:00:00+10:00,225689.79,power,MW,1h,NEM,2025-11-08 12:40:11.311426,hourly_1month
2025-10-11 05:00:00+10:00,236405.74,power,MW,1h,NEM,2025-11-08 12:40:11.311426,hourly_1month
2025-10-11 06:00:00+10:00,231173.19,power,MW,1h,NEM,2025-11-08 12:40:11.311426,hourly_1month
2025-10-11 07:00:00+10:00,228521.89,power,MW,1h,NEM,2025-11-08 12:40:11.311426,hourly_1month
2025-10-11 08:00:00+10:00,215202.64,power,MW,1h,NEM,2025-11-08 12:40:11.311426,hourly_1month
2025-10-11 09:00:00+10:00,191414.41,power,MW,1h,NEM,2025-11-08 12:40:11.311426,hourly_1month
2025-10-11 10:00:00+10:00,182338.02,power,MW,1h,NEM,2025-11-08 12:40:11.311426,hourly_1month
2025-10-11 11:00:00+10:00,181717.61,power,MW,1h,NEM,2025-11-08 12:40:11.311426,hourly_1month
2025-10-11 12:00:00+10:00,181253.56,power,MW,1h,NEM,2025-11-08 12:40:11.311426,hourly_1month
2025-10-11 13:00:00+10:00,186203.29,power,MW,1h,NEM,2025-11-08 12:40:11.311426,hourly_1month
2025-10-11 14:00:00+10:00,204593.21,power,MW,1h,NEM,2025-11-08 12:40:11.311426,hourly_1month
2025-10-11 15:00:00+10:00,234353.92,power,MW,1h,NEM,2025-11-08 12:40:11.311426,hourly_1month
2025-10-11 16:00:00+10:00,257810.17,power,MW,1h,NEM,2025-11-08 12:40:11.311426,hourly_1month
2025-10-11 17:00:00+10:00,284033.52,power,MW,1h,NEM,2025-11-08 12:40:11.311426,hourly_1month
2025-10-11 18:00:00+10:00,303905.61,power,MW,1h,NEM,2025-11-08 12:40:11.311426,hourly_1month
2025-10-11 19:00:00+10:00,300118.05,power,MW,1h,NEM,2025-11-08 12:40:11.311426,hourly_1month
2025-10-11 20:00:00+10:00,286279.19,power,MW,1h,NEM,2025-11-08 12:40:11.311426,hourly_1month
2025-10-11 21:00:00+10:00,274674.41,power,MW,1h,NEM,2025-11-08 12:40:11.311426,hourly_1month
2025-10-11 22:00:00+10:00,262138.0,power,MW,1h,NEM,2025-11-08 12:40:11.311426,hourly_1month
2025-10-11 23:00:00+10:00,249563.34,power,MW,1h,NEM,2025-11-08 12:40:11.311426,hourly_1month
2025-10-12 00:00:00+10:00,241611.46,power,MW,1h,NEM,2025-11-08 12:40:11.311426,hourly_1month
2025-10-12 01:00:00+10:00,230974.3,power,MW,1h,NEM,2025-11-08 12:40:11.311426,hourly_1month
2025-10-12 02:00:00+10:00,223729.19,power,MW,1h,NEM,2025-11-08 12:40:11.311426,hourly_1month
2025-10-12 03:00:00+10:00,220752.33,power,MW,1h,NEM,2025-11-08 12:40:11.311426,hourly_1month
2025-10-12 04:00:00+10:00,220575.33,power,MW,1h,NEM,2025-11-08 12:40:11.311426,hourly_1month
2025-10-12 05:00:00+10:00,225455.39,power,MW,1h,NEM,2025-11-08 12:40:11.311426,hourly_1month
2025-10-12 06:00:00+10:00,220701.68,power,MW,1h,NEM,2025-11-08 12:40:11.311426,hourly_1month
2025-10-12 07:00:00+10:00,221548.01,power,MW,1h,NEM,2025-11-08 12:40:11.311426,hourly_1month
2025-10-12 08:00:00+10:00,215975.41,power,MW,1h,NEM,2025-11-08 12:40:11.311426,hourly_1month
2025-10-12 09:00:00+10:00,209659.19,power,MW,1h,NEM,2025-11-08 12:40:11.311426,hourly_1month
2025-10-12 10:00:00+10:00,206547.91,power,MW,1h,NEM,2025-11-08 12:40:11.311426,hourly_1month
2025-10-12 11:00:00+10:00,199956.12,power,MW,1h,NEM,2025-11-08 12:40:11.311426,hourly_1month
2025-10-12 12:00:00+10:00,208735.46,power,MW,1h,NEM,2025-11-08 12:40:11.311426,hourly_1month
2025-10-12 13:00:00+10:00,211957.46,power,MW,1h,NEM,2025-11-08 12:40:11.311426,hourly_1month
2025-10-12 14:00:00+10:00,226259.76,power,MW,1h,NEM,2025-11-08 12:40:11.311426,hourly_1month
2025-10-12 15:00:00+10:00,241715.09,power,MW,1h,NEM,2025-11-08 12:40:11.311426,hourly_1month
2025-10-12 16:00:00+10:00,269891.72,power,MW,1h,NEM,2025-11-08 12:40:11.311426,hourly_1month
2025-10-12 17:00:00+10:00,293812.94,power,MW,1h,NEM,2025-11-08 12:40:11.311426,hourly_1month
2025-10-12 18:00:00+10:00,310742.38,power,MW,1h,NEM,2025-11-08 12:40:11.311426,hourly_1month
2025-10-12 19:00:00+10:00,299757.14,power,MW,1h,NEM,2025-11-08 12:40:11.311426,hourly_1month
2025-10-12 20:00:00+10:00,285650.7,power,MW,1h,NEM,2025-11-08 12:40:11.311426,hourly_1month
2025-10-12 21:00:00+10:00,272283.73,power,MW,1h,NEM,2025-11-08 12:40:11.311426,hourly_1month
2025-10-12 22:00:00+10:00,257464.66,power,MW,1h,NEM,2025-11-08 12:40:11.311426,hourly_1month
2025-10-12 23:00:00+10:00,249322.81,power,MW,1h,NEM,2025-11-08 12:40:11.311426,hourly_1month
2025-10-13 00:00:00+10:00,241924.1,power,MW,1h,NEM,2025-11-08 12:40:11.311426,hourly_1month
2025-10-13 01:00:00+10:00,235199.33,power,MW,1h,NEM,2025-11-08 12:40:11.311426,hourly_1month
2025-10-13 02:00:00+10:00,230275.68,power,MW,1h,NEM,2025-11-08 12:40:11.311426,hourly_1month
2025-10-13 03:00:00+10:00,229910.29,power,MW,1h,NEM,2025-11-08 12:40:11.311426,hourly_1month
2025-10-13 04:00:00+10:00,239216.23,power,MW,1h,NEM,2025-11-08 12:40:11.311426,hourly_1month
2025-10-13 05:00:00+10:00,267392.81,power,MW,1h,NEM,2025-11-08 12:40:11.311426,hourly_1month
2025-10-13 06:00:00+10:00,286048.91,power,MW,1h,NEM,2025-11-08 12:40:11.311426,hourly_1month
2025-10-13 07:00:00+10:00,269951.38,power,MW,1h,NEM,2025-11-08 12:40:11.311426,hourly_1month
2025-10-13 08:00:00+10:00,243353.65,power,MW,1h,NEM,2025-11-08 12:40:11.311426,hourly_1month
2025-10-13 09:00:00+10:00,229974.52,power,MW,1h,NEM,2025-11-08 12:40:11.311426,hourly_1month
2025-10-13 10:00:00+10:00,219337.01,power,MW,1h,NEM,2025-11-08 12:40:11.311426,hourly_1month
2025-10-13 11:00:00+10:00,203762.11,power,MW,1h,NEM,2025-11-08 12:40:11.311426,hourly_1month
2025-10-13 12:00:00+10:00,199419.32,power,MW,1h,NEM,2025-11-08 12:40:11.311426,hourly_1month
2025-10-13 13:00:00+10:00,191208.27,power,MW,1h,NEM,2025-11-08 12:40:11.311426,hourly_1month
2025-10-13 14:00:00+10:00,199139.45,power,MW,1h,NEM,2025-11-08 12:40:11.311426,hourly_1month
2025-10-13 15:00:00+10:00,227070.99,power,MW,1h,NEM,2025-11-08 12:40:11.311426,hourly_1month
2025-10-13 16:00:00+10:00,260806.63,power,MW,1h,NEM,2025-11-08 12:40:11.311426,hourly_1month
2025-10-13 17:00:00+10:00,296540.17,power,MW,1h,NEM,2025-11-08 12:40:11.311426,hourly_1month
2025-10-13 18:00:00+10:00,325596.71,power,MW,1h,NEM,2025-11-08 12:40:11.311426,hourly_1month
2025-10-13 19:00:00+10:00,318673.4,power,MW,1h,NEM,2025-11-08 12:40:11.311426,hourly_1month
2025-10-13 20:00:00+10:00,299177.05,power,MW,1h,NEM,2025-11-08 12:40:11.311426,hourly_1month
2025-10-13 21:00:00+10:00,281203.73,power,MW,1h,NEM,2025-11-08 12:40:11.311426,hourly_1month
2025-10-13 22:00:00+10:00,264707.3,power,MW,1h,NEM,2025-11-08 12:40:11.311426,hourly_1month
2025-10-13 23:00:00+10:00,254027.26,power,MW,1h,NEM,2025-11-08 12:40:11.311426,hourly_1month
2025-10-14 00:00:00+10:00,244865.41,power,MW,1h,NEM,2025-11-08 12:40:11.311426,hourly_1month
2025-10-14 01:00:00+10:00,238886.99,power,MW,1h,NEM,2025-11-08 12:40:11.311426,hourly_1month
2025-10-14 02:00:00+10:00,234451.43,power,MW,1h,NEM,2025-11-08 12:40:11.311426,hourly_1month
2025-10-14 03:00:00+10:00,230690.94,power,MW,1h,NEM,2025-11-08 12:40:11.311426,hourly_1month
2025-10-14 04:00:00+10:00,237823.1,power,MW,1h,NEM,2025-11-08 12:40:11.311426,hourly_1month
2025-10-14 05:00:00+10:00,261720.15,power,MW,1h,NEM,2025-11-08 12:40:11.311426,hourly_1month
2025-10-14 06:00:00+10:00,278152.85,power,MW,1h,NEM,2025-11-08 12:40:11.311426,hourly_1month
2025-10-14 07:00:00+10:00,269749.15,power,MW,1h,NEM,2025-11-08 12:40:11.311426,hourly_1month
2025-10-14 08:00:00+10:00,240233.98,power,MW,1h,NEM,2025-11-08 12:40:11.311426,hourly_1month
2025-10-14 09:00:00+10:00,223261.1,power,MW,1h,NEM,2025-11-08 12:40:11.311426,hourly_1month
2025-10-14 10:00:00+10:00,207408.31,power,MW,1h,NEM,2025-11-08 12:40:11.311426,hourly_1month
2025-10-14 11:00:00+10:00,197861.9,power,MW,1h,NEM,2025-11-08 12:40:11.311426,hourly_1month
2025-10-14 12:00:00+10:00,191353.76,power,MW,1h,NEM,2025-11-08 12:40:11.311426,hourly_1month
2025-10-14 13:00:00+10:00,193252.62,power,MW,1h,NEM,2025-11-08 12:40:11.311426,hourly_1month
2025-10-14 14:00:00+10:00,208864.96,power,MW,1h,NEM,2025-11-08 12:40:11.311426,hourly_1month
2025-10-14 15:00:00+10:00,230175.9,power,MW,1h,NEM,2025-11-08 12:40:11.311426,hourly_1month
2025-10-14 16:00:00+10:00,264467.38,power,MW,1h,NEM,2025-11-08 12:40:11.311426,hourly_1month
2025-10-14 17:00:00+10:00,289614.87,power,MW,1h,NEM,2025-11-08 12:40:11.311426,hourly_1month
2025-10-14 18:00:00+10:00,314044.11,power,MW,1h,NEM,2025-11-08 12:40:11.311426,hourly_1month
2025-10-14 19:00:00+10:00,309874.46,power,MW,1h,NEM,2025-11-08 12:40:11.311426,hourly_1month
2025-10-14 20:00:00+10:00,295127.27,power,MW,1h,NEM,2025-11-08 12:40:11.311426,hourly_1month
2025-10-14 21:00:00+10:00,279748.54,power,MW,1h,NEM,2025-11-08 12:40:11.311426,hourly_1month
2025-10-14 22:00:00+10:00,262292.04,power,MW,1h,NEM,2025-11-08 12:40:11.311426,hourly_1month
2025-10-14 23:00:00+10:00,255318.5,power,MW,1h,NEM,2025-11-08 12:40:11.311426,hourly_1month
2025-10-15 00:00:00+10:00,245598.93,power,MW,1h,NEM,2025-11-08 12:40:11.311426,hourly_1month
2025-10-15 01:00:00+10:00,236098.61,power,MW,1h,NEM,2025-11-08 12:40:11.311426,hourly_1month
2025-10-15 02:00:00+10:00,229677.58,power,MW,1h,NEM,2025-11-08 12:40:11.311426,hourly_1month
2025-10-15 03:00:00+10:00,229272.9,power,MW,1h,NEM,2025-11-08 12:40:11.311426,hourly_1month
2025-10-15 04:00:00+10:00,237828.24,power,MW,1h,NEM,2025-11-08 12:40:11.311426,hourly_1month
2025-10-15 05:00:00+10:00,260057.84,power,MW,1h,NEM,2025-11-08 12:40:11.311426,hourly_1month
2025-10-15 06:00:00+10:00,268391.49,power,MW,1h,NEM,2025-11-08 12:40:11.311426,hourly_1month
2025-10-15 07:00:00+10:00,251849.55,power,MW,1h,NEM,2025-11-08 12:40:11.311426,hourly_1month
2025-10-15 08:00:00+10:00,227685.68,power,MW,1h,NEM,2025-11-08 12:40:11.311426,hourly_1month
2025-10-15 09:00:00+10:00,208381.43,power,MW,1h,NEM,2025-11-08 12:40:11.311426,hourly_1month
2025-10-15 10:00:00+10:00,194675.69,power,MW,1h,NEM,2025-11-08 12:40:11.311426,hourly_1month
2025-10-15 11:00:00+10:00,189864.44,power,MW,1h,NEM,2025-11-08 12:40:11.311426,hourly_1month
2025-10-15 12:00:00+10:00,191701.05,power,MW,1h,NEM,2025-11-08 12:40:11.311426,hourly_1month
2025-10-15 13:00:00+10:00,196289.16,power,MW,1h,NEM,2025-11-08 12:40:11.311426,hourly_1month
2025-10-15 14:00:00+10:00,207051.73,power,MW,1h,NEM,2025-11-08 12:40:11.311426,hourly_1month
2025-10-15 15:00:00+10:00,226649.01,power,MW,1h,NEM,2025-11-08 12:40:11.311426,hourly_1month
2025-10-15 16:00:00+10:00,259831.39,power,MW,1h,NEM,2025-11-08 12:40:11.311426,hourly_1month
2025-10-15 17:00:00+10:00,294670.75,power,MW,1h,NEM,2025-11-08 12:40:11.311426,hourly_1month
2025-10-15 18:00:00+10:00,320363.8,power,MW,1h,NEM,2025-11-08 12:40:11.311426,hourly_1month
2025-10-15 19:00:00+10:00,312413.07,power,MW,1h,NEM,2025-11-08 12:40:11.311426,hourly_1month
2025-10-15 20:00:00+10:00,291676.21,power,MW,1h,NEM,2025-11-08 12:40:11.311426,hourly_1month
2025-10-15 21:00:00+10:00,278070.66,power,MW,1h,NEM,2025-11-08 12:40:11.311426,hourly_1month
2025-10-15 22:00:00+10:00,260382.45,power,MW,1h,NEM,2025-11-08 12:40:11.311426,hourly_1month
2025-10-15 23:00:00+10:00,251225.83,power,MW,1h,NEM,2025-11-08 12:40:11.311426,hourly_1month
2025-10-16 00:00:00+10:00,240906.97,power,MW,1h,NEM,2025-11-08 12:40:11.311426,hourly_1month
2025-10-16 01:00:00+10:00,234434.04,power,MW,1h,NEM,2025-11-08 12:40:11.311426,hourly_1month
2025-10-16 02:00:00+10:00,228635.66,power,MW,1h,NEM,2025-11-08 12:40:11.311426,hourly_1month
2025-10-16 03:00:00+10:00,228039.39,power,MW,1h,NEM,2025-11-08 12:40:11.311426,hourly_1month
2025-10-16 04:00:00+10:00,235041.96,power,MW,1h,NEM,2025-11-08 12:40:11.311426,hourly_1month
2025-10-16 05:00:00+10:00,254230.35,power,MW,1h,NEM,2025-11-08 12:40:11.311426,hourly_1month
2025-10-16 06:00:00+10:00,264041.59,power,MW,1h,NEM,2025-11-08 12:40:11.311426,hourly_1month
2025-10-16 07:00:00+10:00,260602.91,power,MW,1h,NEM,2025-11-08 12:40:11.311426,hourly_1month
2025-10-16 08:00:00+10:00,230771.54,power,MW,1h,NEM,2025-11-08 12:40:11.311426,hourly_1month
2025-10-16 09:00:00+10:00,211100.4,power,MW,1h,NEM,2025-11-08 12:40:11.311426,hourly_1month
2025-10-16 10:00:00+10:00,202148.96,power,MW,1h,NEM,2025-11-08 12:40:11.311426,hourly_1month
2025-10-16 11:00:00+10:00,205930.55,power,MW,1h,NEM,2025-11-08 12:40:11.311426,hourly_1month
2025-10-16 12:00:00+10:00,215107.4,power,MW,1h,NEM,2025-11-08 12:40:11.311426,hourly_1month
2025-10-16 13:00:00+10:00,223784.14,power,MW,1h,NEM,2025-11-08 12:40:11.311426,hourly_1month
2025-10-16 14:00:00+10:00,240979.7,power,MW,1h,NEM,2025-11-08 12:40:11.311426,hourly_1month
2025-10-16 15:00:00+10:00,262845.35,power,MW,1h,NEM,2025-11-08 12:40:11.311426,hourly_1month
2025-10-16 16:00:00+10:00,295164.13,power,MW,1h,NEM,2025-11-08 12:40:11.311426,hourly_1month
2025-10-16 17:00:00+10:00,315954.26,power,MW,1h,NEM,2025-11-08 12:40:11.311426,hourly_1month
2025-10-16 18:00:00+10:00,332002.55,power,MW,1h,NEM,2025-11-08 12:40:11.311426,hourly_1month
2025-10-16 19:00:00+10:00,319622.52,power,MW,1h,NEM,2025-11-08 12:40:11.311426,hourly_1month
2025-10-16 20:00:00+10:00,293059.39,power,MW,1h,NEM,2025-11-08 12:40:11.311426,hourly_1month
2025-10-16 21:00:00+10:00,276980.02,power,MW,1h,NEM,2025-11-08 12:40:11.311426,hourly_1month
2025-10-16 22:00:00+10:00,263822.63,power,MW,1h,NEM,2025-11-08 12:40:11.311426,hourly_1month
2025-10-16 23:00:00+10:00,253760.84,power,MW,1h,NEM,2025-11-08 12:40:11.311426,hourly_1month
2025-10-17 00:00:00+10:00,242802.29,power,MW,1h,NEM,2025-11-08 12:40:11.311426,hourly_1month
2025-10-17 01:00:00+10:00,232723.52,power,MW,1h,NEM,2025-11-08 12:40:11.311426,hourly_1month
2025-10-17 02:00:00+10:00,226969.18,power,MW,1h,NEM,2025-11-08 12:40:11.311426,hourly_1month
2025-10-17 03:00:00+10:00,225431.82,power,MW,1h,NEM,2025-11-08 12:40:11.311426,hourly_1month
2025-10-17 04:00:00+10:00,231494.54,power,MW,1h,NEM,2025-11-08 12:40:11.311426,hourly_1month
2025-10-17 05:00:00+10:00,248032.09,power,MW,1h,NEM,2025-11-08 12:40:11.311426,hourly_1month
2025-10-17 06:00:00+10:00,263392.3,power,MW,1h,NEM,2025-11-08 12:40:11.311426,hourly_1month
2025-10-17 07:00:00+10:00,265506.15,power,MW,1h,NEM,2025-11-08 12:40:11.311426,hourly_1month
2025-10-17 08:00:00+10:00,250431.27,power,MW,1h,NEM,2025-11-08 12:40:11.311426,hourly_1month
2025-10-17 09:00:00+10:00,234004.05,power,MW,1h,NEM,2025-11-08 12:40:11.311426,hourly_1month
2025-10-17 10:00:00+10:00,223586.49,power,MW,1h,NEM,2025-11-08 12:40:11.311426,hourly_1month
2025-10-17 11:00:00+10:00,213069.52,power,MW,1h,NEM,2025-11-08 12:40:11.311426,hourly_1month
2025-10-17 12:00:00+10:00,211442.76,power,MW,1h,NEM,2025-11-08 12:40:11.311426,hourly_1month
2025-10-17 13:00:00+10:00,218081.27,power,MW,1h,NEM,2025-11-08 12:40:11.311426,hourly_1month
2025-10-17 14:00:00+10:00,212794.94,power,MW,1h,NEM,2025-11-08 12:40:11.311426,hourly_1month
2025-10-17 15:00:00+10:00,255599.55,power,MW,1h,NEM,2025-11-08 12:40:11.311426,hourly_1month
2025-10-17 16:00:00+10:00,274049.67,power,MW,1h,NEM,2025-11-08 12:40:11.311426,hourly_1month
2025-10-17 17:00:00+10:00,293356.21,power,MW,1h,NEM,2025-11-08 12:40:11.311426,hourly_1month
2025-10-17 18:00:00+10:00,308394.6,power,MW,1h,NEM,2025-11-08 12:40:11.311426,hourly_1month
2025-10-17 19:00:00+10:00,304597.97,power,MW,1h,NEM,2025-11-08 12:40:11.311426,hourly_1month
2025-10-17 20:00:00+10:00,291249.94,power,MW,1h,NEM,2025-11-08 12:40:11.311426,hourly_1month
2025-10-17 21:00:00+10:00,251642.22,power,MW,1h,NEM,2025-11-08 12:40:11.311426,hourly_1month
2025-10-17 22:00:00+10:00,259814.13,power,MW,1h,NEM,2025-11-08 12:40:11.311426,hourly_1month
2025-10-17 23:00:00+10:00,250927.32,power,MW,1h,NEM,2025-11-08 12:40:11.311426,hourly_1month
2025-10-18 00:00:00+10:00,243875.31,power,MW,1h,NEM,2025-11-08 12:40:11.311426,hourly_1month
2025-10-18 01:00:00+10:00,234081.42,power,MW,1h,NEM,2025-11-08 12:40:11.311426,hourly_1month
2025-10-18 02:00:00+10:00,224986.13,power,MW,1h,NEM,2025-11-08 12:40:11.311426,hourly_1month
2025-10-18 03:00:00+10:00,222721.35,power,MW,1h,NEM,2025-11-08 12:40:11.311426,hourly_1month
2025-10-18 04:00:00+10:00,225034.68,power,MW,1h,NEM,2025-11-08 12:40:11.311426,hourly_1month
2025-10-18 05:00:00+10:00,235853.18,power,MW,1h,NEM,2025-11-08 12:40:11.311426,hourly_1month
2025-10-18 06:00:00+10:00,232900.76,power,MW,1h,NEM,2025-11-08 12:40:11.311426,hourly_1month
2025-10-18 07:00:00+10:00,224201.4,power,MW,1h,NEM,2025-11-08 12:40:11.311426,hourly_1month
2025-10-18 08:00:00+10:00,208892.76,power,MW,1h,NEM,2025-11-08 12:40:11.311426,hourly_1month
2025-10-18 09:00:00+10:00,196075.8,power,MW,1h,NEM,2025-11-08 12:40:11.311426,hourly_1month
2025-10-18 10:00:00+10:00,186320.21,power,MW,1h,NEM,2025-11-08 12:40:11.311426,hourly_1month
2025-10-18 11:00:00+10:00,174460.98,power,MW,1h,NEM,2025-11-08 12:40:11.311426,hourly_1month
2025-10-18 12:00:00+10:00,170165.89,power,MW,1h,NEM,2025-11-08 12:40:11.311426,hourly_1month
2025-10-18 13:00:00+10:00,175197.15,power,MW,1h,NEM,2025-11-08 12:40:11.311426,hourly_1month
2025-10-18 14:00:00+10:00,190012.39,power,MW,1h,NEM,2025-11-08 12:40:11.311426,hourly_1month
2025-10-18 15:00:00+10:00,214560.18,power,MW,1h,NEM,2025-11-08 12:40:11.311426,hourly_1month
2025-10-18 16:00:00+10:00,238698.7,power,MW,1h,NEM,2025-11-08 12:40:11.311426,hourly_1month
2025-10-18 17:00:00+10:00,269887.93,power,MW,1h,NEM,2025-11-08 12:40:11.311426,hourly_1month
2025-10-18 18:00:00+10:00,298010.58,power,MW,1h,NEM,2025-11-08 12:40:11.311426,hourly_1month
2025-10-18 19:00:00+10:00,289465.03,power,MW,1h,NEM,2025-11-08 12:40:11.311426,hourly_1month
2025-10-18 20:00:00+10:00,274170.69,power,MW,1h,NEM,2025-11-08 12:40:11.311426,hourly_1month
2025-10-18 21:00:00+10:00,261346.5,power,MW,1h,NEM,2025-11-08 12:40:11.311426,hourly_1month
2025-10-18 22:00:00+10:00,252053.82,power,MW,1h,NEM,2025-11-08 12:40:11.311426,hourly_1month
2025-10-18 23:00:00+10:00,245157.35,power,MW,1h,NEM,2025-11-08 12:40:11.311426,hourly_1month
2025-10-19 00:00:00+10:00,235997.38,power,MW,1h,NEM,2025-11-08 12:40:11.311426,hourly_1month
2025-10-19 01:00:00+10:00,227182.8,power,MW,1h,NEM,2025-11-08 12:40:11.311426,hourly_1month
2025-10-19 02:00:00+10:00,221032.47,power,MW,1h,NEM,2025-11-08 12:40:11.311426,hourly_1month
2025-10-19 03:00:00+10:00,217375.48,power,MW,1h,NEM,2025-11-08 12:40:11.311426,hourly_1month
2025-10-19 04:00:00+10:00,217777.26,power,MW,1h,NEM,2025-11-08 12:40:11.311426,hourly_1month
2025-10-19 05:00:00+10:00,219296.34,power,MW,1h,NEM,2025-11-08 12:40:11.311426,hourly_1month
2025-10-19 06:00:00+10:00,218965.15,power,MW,1h,NEM,2025-11-08 12:40:11.311426,hourly_1month
2025-10-19 07:00:00+10:00,216877.6,power,MW,1h,NEM,2025-11-08 12:40:11.311426,hourly_1month
2025-10-19 08:00:00+10:00,209206.39,power,MW,1h,NEM,2025-11-08 12:40:11.311426,hourly_1month
2025-10-19 09:00:00+10:00,202693.32,power,MW,1h,NEM,2025-11-08 12:40:11.311426,hourly_1month
2025-10-19 10:00:00+10:00,204468.61,power,MW,1h,NEM,2025-11-08 12:40:11.311426,hourly_1month
2025-10-19 11:00:00+10:00,202039.18,power,MW,1h,NEM,2025-11-08 12:40:11.311426,hourly_1month
2025-10-19 12:00:00+10:00,199472.51,power,MW,1h,NEM,2025-11-08 12:40:11.311426,hourly_1month
2025-10-19 13:00:00+10:00,205274.78,power,MW,1h,NEM,2025-11-08 12:40:11.311426,hourly_1month
2025-10-19 14:00:00+10:00,212687.04,power,MW,1h,NEM,2025-11-08 12:40:11.311426,hourly_1month
2025-10-19 15:00:00+10:00,238650.8,power,MW,1h,NEM,2025-11-08 12:40:11.311426,hourly_1month
2025-10-19 16:00:00+10:00,261101.41,power,MW,1h,NEM,2025-11-08 12:40:11.311426,hourly_1month
2025-10-19 17:00:00+10:00,288088.22,power,MW,1h,NEM,2025-11-08 12:40:11.311426,hourly_1month
2025-10-19 18:00:00+10:00,307280.85,power,MW,1h,NEM,2025-11-08 12:40:11.311426,hourly_1month
2025-10-19 19:00:00+10:00,295478.91,power,MW,1h,NEM,2025-11-08 12:40:11.311426,hourly_1month
2025-10-19 20:00:00+10:00,276420.0,power,MW,1h,NEM,2025-11-08 12:40:11.311426,hourly_1month
2025-10-19 21:00:00+10:00,264173.55,power,MW,1h,NEM,2025-11-08 12:40:11.311426,hourly_1month
2025-10-19 22:00:00+10:00,249367.87,power,MW,1h,NEM,2025-11-08 12:40:11.311426,hourly_1month
2025-10-19 23:00:00+10:00,242502.08,power,MW,1h,NEM,2025-11-08 12:40:11.311426,hourly_1month
2025-10-20 00:00:00+10:00,235851.1,power,MW,1h,NEM,2025-11-08 12:40:11.311426,hourly_1month
2025-10-20 01:00:00+10:00,227737.63,power,MW,1h,NEM,2025-11-08 12:40:11.311426,hourly_1month
2025-10-20 02:00:00+10:00,223992.72,power,MW,1h,NEM,2025-11-08 12:40:11.311426,hourly_1month
2025-10-20 03:00:00+10:00,223523.37,power,MW,1h,NEM,2025-11-08 12:40:11.311426,hourly_1month
2025-10-20 04:00:00+10:00,228660.71,power,MW,1h,NEM,2025-11-08 12:40:11.311426,hourly_1month
2025-10-20 05:00:00+10:00,245498.16,power,MW,1h,NEM,2025-11-08 12:40:11.311426,hourly_1month
2025-10-20 06:00:00+10:00,262384.52,power,MW,1h,NEM,2025-11-08 12:40:11.311426,hourly_1month
2025-10-20 07:00:00+10:00,259586.8,power,MW,1h,NEM,2025-11-08 12:40:11.311426,hourly_1month
2025-10-20 08:00:00+10:00,255912.86,power,MW,1h,NEM,2025-11-08 12:40:11.311426,hourly_1month
2025-10-20 09:00:00+10:00,252733.91,power,MW,1h,NEM,2025-11-08 12:40:11.311426,hourly_1month
2025-10-20 10:00:00+10:00,252045.28,power,MW,1h,NEM,2025-11-08 12:40:11.311426,hourly_1month
2025-10-20 11:00:00+10:00,251417.77,power,MW,1h,NEM,2025-11-08 12:40:11.311426,hourly_1month
2025-10-20 12:00:00+10:00,247580.47,power,MW,1h,NEM,2025-11-08 12:40:11.311426,hourly_1month
2025-10-20 13:00:00+10:00,256312.12,power,MW,1h,NEM,2025-11-08 12:40:11.311426,hourly_1month
2025-10-20 14:00:00+10:00,269764.74,power,MW,1h,NEM,2025-11-08 12:40:11.311426,hourly_1month
2025-10-20 15:00:00+10:00,285169.35,power,MW,1h,NEM,2025-11-08 12:40:11.311426,hourly_1month
2025-10-20 16:00:00+10:00,306039.93,power,MW,1h,NEM,2025-11-08 12:40:11.311426,hourly_1month
2025-10-20 17:00:00+10:00,333748.63,power,MW,1h,NEM,2025-11-08 12:40:11.311426,hourly_1month
2025-10-20 18:00:00+10:00,339113.43,power,MW,1h,NEM,2025-11-08 12:40:11.311426,hourly_1month
2025-10-20 19:00:00+10:00,334105.6,power,MW,1h,NEM,2025-11-08 12:40:11.311426,hourly_1month
2025-10-20 20:00:00+10:00,313499.62,power,MW,1h,NEM,2025-11-08 12:40:11.311426,hourly_1month
2025-10-20 21:00:00+10:00,289306.98,power,MW,1h,NEM,2025-11-08 12:40:11.311426,hourly_1month
2025-10-20 22:00:00+10:00,268095.72,power,MW,1h,NEM,2025-11-08 12:40:11.311426,hourly_1month
2025-10-20 23:00:00+10:00,257681.71,power,MW,1h,NEM,2025-11-08 12:40:11.311426,hourly_1month
2025-10-21 00:00:00+10:00,248434.45,power,MW,1h,NEM,2025-11-08 12:40:11.311426,hourly_1month
2025-10-21 01:00:00+10:00,239557.32,power,MW,1h,NEM,2025-11-08 12:40:11.311426,hourly_1month
2025-10-21 02:00:00+10:00,233080.01,power,MW,1h,NEM,2025-11-08 12:40:11.311426,hourly_1month
2025-10-21 03:00:00+10:00,234471.58,power,MW,1h,NEM,2025-11-08 12:40:11.311426,hourly_1month
2025-10-21 04:00:00+10:00,239179.24,power,MW,1h,NEM,2025-11-08 12:40:11.311426,hourly_1month
2025-10-21 05:00:00+10:00,258810.21,power,MW,1h,NEM,2025-11-08 12:40:11.311426,hourly_1month
2025-10-21 06:00:00+10:00,272241.99,power,MW,1h,NEM,2025-11-08 12:40:11.311426,hourly_1month
2025-10-21 07:00:00+10:00,262072.51,power,MW,1h,NEM,2025-11-08 12:40:11.311426,hourly_1month
2025-10-21 08:00:00+10:00,230579.93,power,MW,1h,NEM,2025-11-08 12:40:11.311426,hourly_1month
2025-10-21 09:00:00+10:00,209745.0,power,MW,1h,NEM,2025-11-08 12:40:11.311426,hourly_1month
2025-10-21 10:00:00+10:00,204206.43,power,MW,1h,NEM,2025-11-08 12:40:11.311426,hourly_1month
2025-10-21 11:00:00+10:00,202776.94,power,MW,1h,NEM,2025-11-08 12:40:11.311426,hourly_1month
2025-10-21 12:00:00+10:00,210010.9,power,MW,1h,NEM,2025-11-08 12:40:11.311426,hourly_1month
2025-10-21 13:00:00+10:00,220052.3,power,MW,1h,NEM,2025-11-08 12:40:11.311426,hourly_1month
2025-10-21 14:00:00+10:00,237827.82,power,MW,1h,NEM,2025-11-08 12:40:11.311426,hourly_1month
2025-10-21 15:00:00+10:00,271756.55,power,MW,1h,NEM,2025-11-08 12:40:11.311426,hourly_1month
2025-10-21 16:00:00+10:00,294871.79,power,MW,1h,NEM,2025-11-08 12:40:11.311426,hourly_1month
2025-10-21 17:00:00+10:00,319841.28,power,MW,1h,NEM,2025-11-08 12:40:11.311426,hourly_1month
2025-10-21 18:00:00+10:00,327230.27,power,MW,1h,NEM,2025-11-08 12:40:11.311426,hourly_1month
2025-10-21 19:00:00+10:00,309751.49,power,MW,1h,NEM,2025-11-08 12:40:11.311426,hourly_1month
2025-10-21 20:00:00+10:00,291600.38,power,MW,1h,NEM,2025-11-08 12:40:11.311426,hourly_1month
2025-10-21 21:00:00+10:00,278641.11,power,MW,1h,NEM,2025-11-08 12:40:11.311426,hourly_1month
2025-10-21 22:00:00+10:00,265043.26,power,MW,1h,NEM,2025-11-08 12:40:11.311426,hourly_1month
2025-10-21 23:00:00+10:00,254360.92,power,MW,1h,NEM,2025-11-08 12:40:11.311426,hourly_1month
2025-10-22 00:00:00+10:00,244444.3,power,MW,1h,NEM,2025-11-08 12:40:11.311426,hourly_1month
2025-10-22 01:00:00+10:00,235807.9,power,MW,1h,NEM,2025-11-08 12:40:11.311426,hourly_1month
2025-10-22 02:00:00+10:00,228567.69,power,MW,1h,NEM,2025-11-08 12:40:11.311426,hourly_1month
2025-10-22 03:00:00+10:00,226930.52,power,MW,1h,NEM,2025-11-08 12:40:11.311426,hourly_1month
2025-10-22 04:00:00+10:00,231790.84,power,MW,1h,NEM,2025-11-08 12:40:11.311426,hourly_1month
2025-10-22 05:00:00+10:00,249434.5,power,MW,1h,NEM,2025-11-08 12:40:11.311426,hourly_1month
2025-10-22 06:00:00+10:00,267443.47,power,MW,1h,NEM,2025-11-08 12:40:11.311426,hourly_1month
2025-10-22 07:00:00+10:00,272401.23,power,MW,1h,NEM,2025-11-08 12:40:11.311426,hourly_1month
2025-10-22 08:00:00+10:00,267279.84,power,MW,1h,NEM,2025-11-08 12:40:11.311426,hourly_1month
2025-10-22 09:00:00+10:00,255053.92,power,MW,1h,NEM,2025-11-08 12:40:11.311426,hourly_1month
2025-10-22 10:00:00+10:00,256309.56,power,MW,1h,NEM,2025-11-08 12:40:11.311426,hourly_1month
2025-10-22 11:00:00+10:00,246759.99,power,MW,1h,NEM,2025-11-08 12:40:11.311426,hourly_1month
2025-10-22 12:00:00+10:00,234972.55,power,MW,1h,NEM,2025-11-08 12:40:11.311426,hourly_1month
2025-10-22 13:00:00+10:00,254274.8,power,MW,1h,NEM,2025-11-08 12:40:11.311426,hourly_1month
2025-10-22 14:00:00+10:00,270964.64,power,MW,1h,NEM,2025-11-08 12:40:11.311426,hourly_1month
2025-10-22 15:00:00+10:00,295845.99,power,MW,1h,NEM,2025-11-08 12:40:11.311426,hourly_1month
2025-10-22 16:00:00+10:00,321396.28,power,MW,1h,NEM,2025-11-08 12:40:11.311426,hourly_1month
2025-10-22 17:00:00+10:00,337976.76,power,MW,1h,NEM,2025-11-08 12:40:11.311426,hourly_1month
2025-10-22 18:00:00+10:00,342947.64,power,MW,1h,NEM,2025-11-08 12:40:11.311426,hourly_1month
2025-10-22 19:00:00+10:00,330435.25,power,MW,1h,NEM,2025-11-08 12:40:11.311426,hourly_1month
2025-10-22 20:00:00+10:00,313306.5,power,MW,1h,NEM,2025-11-08 12:40:11.311426,hourly_1month
2025-10-22 21:00:00+10:00,295665.83,power,MW,1h,NEM,2025-11-08 12:40:11.311426,hourly_1month
2025-10-22 22:00:00+10:00,274147.41,power,MW,1h,NEM,2025-11-08 12:40:11.311426,hourly_1month
2025-10-22 23:00:00+10:00,260479.19,power,MW,1h,NEM,2025-11-08 12:40:11.311426,hourly_1month
2025-10-23 00:00:00+10:00,250430.66,power,MW,1h,NEM,2025-11-08 12:40:11.311426,hourly_1month
2025-10-23 01:00:00+10:00,241427.35,power,MW,1h,NEM,2025-11-08 12:40:11.311426,hourly_1month
2025-10-23 02:00:00+10:00,235846.24,power,MW,1h,NEM,2025-11-08 12:40:11.311426,hourly_1month
2025-10-23 03:00:00+10:00,235868.27,power,MW,1h,NEM,2025-11-08 12:40:11.311426,hourly_1month
2025-10-23 04:00:00+10:00,242366.32,power,MW,1h,NEM,2025-11-08 12:40:11.311426,hourly_1month
2025-10-23 05:00:00+10:00,265402.94,power,MW,1h,NEM,2025-11-08 12:40:11.311426,hourly_1month
2025-10-23 06:00:00+10:00,273800.03,power,MW,1h,NEM,2025-11-08 12:40:11.311426,hourly_1month
2025-10-23 07:00:00+10:00,266266.47,power,MW,1h,NEM,2025-11-08 12:40:11.311426,hourly_1month
2025-10-23 08:00:00+10:00,244446.33,power,MW,1h,NEM,2025-11-08 12:40:11.311426,hourly_1month
2025-10-23 09:00:00+10:00,237750.17,power,MW,1h,NEM,2025-11-08 12:40:11.311426,hourly_1month
2025-10-23 10:00:00+10:00,229844.82,power,MW,1h,NEM,2025-11-08 12:40:11.311426,hourly_1month
2025-10-23 11:00:00+10:00,221044.65,power,MW,1h,NEM,2025-11-08 12:40:11.311426,hourly_1month
2025-10-23 12:00:00+10:00,219866.32,power,MW,1h,NEM,2025-11-08 12:40:11.311426,hourly_1month
2025-10-23 13:00:00+10:00,214576.11,power,MW,1h,NEM,2025-11-08 12:40:11.311426,hourly_1month
2025-10-23 14:00:00+10:00,220043.44,power,MW,1h,NEM,2025-11-08 12:40:11.311426,hourly_1month
2025-10-23 15:00:00+10:00,241430.42,power,MW,1h,NEM,2025-11-08 12:40:11.311426,hourly_1month
2025-10-23 16:00:00+10:00,276086.44,power,MW,1h,NEM,2025-11-08 12:40:11.311426,hourly_1month
2025-10-23 17:00:00+10:00,301571.96,power,MW,1h,NEM,2025-11-08 12:40:11.311426,hourly_1month
2025-10-23 18:00:00+10:00,325458.18,power,MW,1h,NEM,2025-11-08 12:40:11.311426,hourly_1month
2025-10-23 19:00:00+10:00,317613.77,power,MW,1h,NEM,2025-11-08 12:40:11.311426,hourly_1month
2025-10-23 20:00:00+10:00,298879.35,power,MW,1h,NEM,2025-11-08 12:40:11.311426,hourly_1month
2025-10-23 21:00:00+10:00,282787.7,power,MW,1h,NEM,2025-11-08 12:40:11.311426,hourly_1month
2025-10-23 22:00:00+10:00,265739.12,power,MW,1h,NEM,2025-11-08 12:40:11.311426,hourly_1month
2025-10-23 23:00:00+10:00,257876.72,power,MW,1h,NEM,2025-11-08 12:40:11.311426,hourly_1month
2025-10-24 00:00:00+10:00,249492.05,power,MW,1h,NEM,2025-11-08 12:40:11.311426,hourly_1month
2025-10-24 01:00:00+10:00,238192.78,power,MW,1h,NEM,2025-11-08 12:40:11.311426,hourly_1month
2025-10-24 02:00:00+10:00,234046.4,power,MW,1h,NEM,2025-11-08 12:40:11.311426,hourly_1month
2025-10-24 03:00:00+10:00,231748.69,power,MW,1h,NEM,2025-11-08 12:40:11.311426,hourly_1month
2025-10-24 04:00:00+10:00,240896.84,power,MW,1h,NEM,2025-11-08 12:40:11.311426,hourly_1month
2025-10-24 05:00:00+10:00,258755.56,power,MW,1h,NEM,2025-11-08 12:40:11.311426,hourly_1month
2025-10-24 06:00:00+10:00,269635.12,power,MW,1h,NEM,2025-11-08 12:40:11.311426,hourly_1month
2025-10-24 07:00:00+10:00,255203.64,power,MW,1h,NEM,2025-11-08 12:40:11.311426,hourly_1month
2025-10-24 08:00:00+10:00,228811.28,power,MW,1h,NEM,2025-11-08 12:40:11.311426,hourly_1month
2025-10-24 09:00:00+10:00,220075.96,power,MW,1h,NEM,2025-11-08 12:40:11.311426,hourly_1month
2025-10-24 10:00:00+10:00,212991.72,power,MW,1h,NEM,2025-11-08 12:40:11.311426,hourly_1month
2025-10-24 11:00:00+10:00,207797.56,power,MW,1h,NEM,2025-11-08 12:40:11.311426,hourly_1month
2025-10-24 12:00:00+10:00,207686.03,power,MW,1h,NEM,2025-11-08 12:40:11.311426,hourly_1month
2025-10-24 13:00:00+10:00,210276.13,power,MW,1h,NEM,2025-11-08 12:40:11.311426,hourly_1month
2025-10-24 14:00:00+10:00,220177.55,power,MW,1h,NEM,2025-11-08 12:40:11.311426,hourly_1month
2025-10-24 15:00:00+10:00,241319.55,power,MW,1h,NEM,2025-11-08 12:40:11.311426,hourly_1month
2025-10-24 16:00:00+10:00,273416.69,power,MW,1h,NEM,2025-11-08 12:40:11.311426,hourly_1month
2025-10-24 17:00:00+10:00,296113.68,power,MW,1h,NEM,2025-11-08 12:40:11.311426,hourly_1month
2025-10-24 18:00:00+10:00,312728.27,power,MW,1h,NEM,2025-11-08 12:40:11.311426,hourly_1month
2025-10-24 19:00:00+10:00,310453.22,power,MW,1h,NEM,2025-11-08 12:40:11.311426,hourly_1month
2025-10-24 20:00:00+10:00,293826.91,power,MW,1h,NEM,2025-11-08 12:40:11.311426,hourly_1month
2025-10-24 21:00:00+10:00,280849.93,power,MW,1h,NEM,2025-11-08 12:40:11.311426,hourly_1month
2025-10-24 22:00:00+10:00,266817.82,power,MW,1h,NEM,2025-11-08 12:40:11.311426,hourly_1month
2025-10-24 23:00:00+10:00,260255.28,power,MW,1h,NEM,2025-11-08 12:40:11.311426,hourly_1month
2025-10-25 00:00:00+10:00,251201.54,power,MW,1h,NEM,2025-11-08 12:40:11.311426,hourly_1month
2025-10-25 01:00:00+10:00,238806.5,power,MW,1h,NEM,2025-11-08 12:40:11.311426,hourly_1month
2025-10-25 02:00:00+10:00,231328.68,power,MW,1h,NEM,2025-11-08 12:40:11.311426,hourly_1month
2025-10-25 03:00:00+10:00,228620.17,power,MW,1h,NEM,2025-11-08 12:40:11.311426,hourly_1month
2025-10-25 04:00:00+10:00,228415.69,power,MW,1h,NEM,2025-11-08 12:40:11.311426,hourly_1month
2025-10-25 05:00:00+10:00,234601.57,power,MW,1h,NEM,2025-11-08 12:40:11.311426,hourly_1month
2025-10-25 06:00:00+10:00,231615.36,power,MW,1h,NEM,2025-11-08 12:40:11.311426,hourly_1month
2025-10-25 07:00:00+10:00,231051.65,power,MW,1h,NEM,2025-11-08 12:40:11.311426,hourly_1month
2025-10-25 08:00:00+10:00,219153.26,power,MW,1h,NEM,2025-11-08 12:40:11.311426,hourly_1month
2025-10-25 09:00:00+10:00,215909.1,power,MW,1h,NEM,2025-11-08 12:40:11.311426,hourly_1month
2025-10-25 10:00:00+10:00,212910.93,power,MW,1h,NEM,2025-11-08 12:40:11.311426,hourly_1month
2025-10-25 11:00:00+10:00,210204.8,power,MW,1h,NEM,2025-11-08 12:40:11.311426,hourly_1month
2025-10-25 12:00:00+10:00,207605.7,power,MW,1h,NEM,2025-11-08 12:40:11.311426,hourly_1month
2025-10-25 13:00:00+10:00,215524.28,power,MW,1h,NEM,2025-11-08 12:40:11.311426,hourly_1month
2025-10-25 14:00:00+10:00,231742.8,power,MW,1h,NEM,2025-11-08 12:40:11.311426,hourly_1month
2025-10-25 15:00:00+10:00,242256.22,power,MW,1h,NEM,2025-11-08 12:40:11.311426,hourly_1month
2025-10-25 16:00:00+10:00,262603.39,power,MW,1h,NEM,2025-11-08 12:40:11.311426,hourly_1month
2025-10-25 17:00:00+10:00,284578.25,power,MW,1h,NEM,2025-11-08 12:40:11.311426,hourly_1month
2025-10-25 18:00:00+10:00,296343.19,power,MW,1h,NEM,2025-11-08 12:40:11.311426,hourly_1month
2025-10-25 19:00:00+10:00,295371.63,power,MW,1h,NEM,2025-11-08 12:40:11.311426,hourly_1month
2025-10-25 20:00:00+10:00,283004.22,power,MW,1h,NEM,2025-11-08 12:40:11.311426,hourly_1month
2025-10-25 21:00:00+10:00,269094.14,power,MW,1h,NEM,2025-11-08 12:40:11.311426,hourly_1month
2025-10-25 22:00:00+10:00,256028.32,power,MW,1h,NEM,2025-11-08 12:40:11.311426,hourly_1month
2025-10-25 23:00:00+10:00,249584.41,power,MW,1h,NEM,2025-11-08 12:40:11.311426,hourly_1month
2025-10-26 00:00:00+10:00,239843.59,power,MW,1h,NEM,2025-11-08 12:40:11.311426,hourly_1month
2025-10-26 01:00:00+10:00,230744.47,power,MW,1h,NEM,2025-11-08 12:40:11.311426,hourly_1month
2025-10-26 02:00:00+10:00,225214.26,power,MW,1h,NEM,2025-11-08 12:40:11.311426,hourly_1month
2025-10-26 03:00:00+10:00,223179.86,power,MW,1h,NEM,2025-11-08 12:40:11.311426,hourly_1month
2025-10-26 04:00:00+10:00,223164.44,power,MW,1h,NEM,2025-11-08 12:40:11.311426,hourly_1month
2025-10-26 05:00:00+10:00,75039.655,power,MW,1h,NEM,2025-11-08 12:40:11.311426,hourly_1month
2025-10-26 06:00:00+10:00,111826.23,power,MW,1h,NEM,2025-11-08 12:40:11.311426,hourly_1month
2025-10-26 07:00:00+10:00,227820.12,power,MW,1h,NEM,2025-11-08 12:40:11.311426,hourly_1month
2025-10-26 08:00:00+10:00,234172.92,power,MW,1h,NEM,2025-11-08 12:40:11.311426,hourly_1month
2025-10-26 09:00:00+10:00,236163.09,power,MW,1h,NEM,2025-11-08 12:40:11.311426,hourly_1month
2025-10-26 10:00:00+10:00,238929.46,power,MW,1h,NEM,2025-11-08 12:40:11.311426,hourly_1month
2025-10-26 11:00:00+10:00,249451.77,power,MW,1h,NEM,2025-11-08 12:40:11.311426,hourly_1month
2025-10-26 12:00:00+10:00,255968.66,power,MW,1h,NEM,2025-11-08 12:40:11.311426,hourly_1month
2025-10-26 13:00:00+10:00,246126.41,power,MW,1h,NEM,2025-11-08 12:40:11.311426,hourly_1month
2025-10-26 14:00:00+10:00,236633.44,power,MW,1h,NEM,2025-11-08 12:40:11.311426,hourly_1month
2025-10-26 15:00:00+10:00,248166.6,power,MW,1h,NEM,2025-11-08 12:40:11.311426,hourly_1month
2025-10-26 16:00:00+10:00,271997.95,power,MW,1h,NEM,2025-11-08 12:40:11.311426,hourly_1month
2025-10-26 17:00:00+10:00,285920.62,power,MW,1h,NEM,2025-11-08 12:40:11.311426,hourly_1month
2025-10-26 18:00:00+10:00,304491.46,power,MW,1h,NEM,2025-11-08 12:40:11.311426,hourly_1month
2025-10-26 19:00:00+10:00,302881.61,power,MW,1h,NEM,2025-11-08 12:40:11.311426,hourly_1month
2025-10-26 20:00:00+10:00,287981.98,power,MW,1h,NEM,2025-11-08 12:40:11.311426,hourly_1month
2025-10-26 21:00:00+10:00,274180.71,power,MW,1h,NEM,2025-11-08 12:40:11.311426,hourly_1month
2025-10-26 22:00:00+10:00,257560.41,power,MW,1h,NEM,2025-11-08 12:40:11.311426,hourly_1month
2025-10-26 23:00:00+10:00,248001.8,power,MW,1h,NEM,2025-11-08 12:40:11.311426,hourly_1month
2025-10-27 00:00:00+10:00,239844.66,power,MW,1h,NEM,2025-11-08 12:40:11.311426,hourly_1month
2025-10-27 01:00:00+10:00,232008.17,power,MW,1h,NEM,2025-11-08 12:40:11.311426,hourly_1month
2025-10-27 02:00:00+10:00,226799.18,power,MW,1h,NEM,2025-11-08 12:40:11.311426,hourly_1month
2025-10-27 03:00:00+10:00,228305.09,power,MW,1h,NEM,2025-11-08 12:40:11.311426,hourly_1month
2025-10-27 04:00:00+10:00,235395.71,power,MW,1h,NEM,2025-11-08 12:40:11.311426,hourly_1month
2025-10-27 05:00:00+10:00,256820.2,power,MW,1h,NEM,2025-11-08 12:40:11.311426,hourly_1month
2025-10-27 06:00:00+10:00,270369.3,power,MW,1h,NEM,2025-11-08 12:40:11.311426,hourly_1month
2025-10-27 07:00:00+10:00,273451.3,power,MW,1h,NEM,2025-11-08 12:40:11.311426,hourly_1month
2025-10-27 08:00:00+10:00,256536.55,power,MW,1h,NEM,2025-11-08 12:40:11.311426,hourly_1month
2025-10-27 09:00:00+10:00,246289.48,power,MW,1h,NEM,2025-11-08 12:40:11.311426,hourly_1month
2025-10-27 10:00:00+10:00,246072.89,power,MW,1h,NEM,2025-11-08 12:40:11.311426,hourly_1month
2025-10-27 11:00:00+10:00,249426.76,power,MW,1h,NEM,2025-11-08 12:40:11.311426,hourly_1month
2025-10-27 12:00:00+10:00,258097.48,power,MW,1h,NEM,2025-11-08 12:40:11.311426,hourly_1month
2025-10-27 13:00:00+10:00,257583.79,power,MW,1h,NEM,2025-11-08 12:40:11.311426,hourly_1month
2025-10-27 14:00:00+10:00,254758.15,power,MW,1h,NEM,2025-11-08 12:40:11.311426,hourly_1month
2025-10-27 15:00:00+10:00,270159.95,power,MW,1h,NEM,2025-11-08 12:40:11.311426,hourly_1month
2025-10-27 16:00:00+10:00,301263.66,power,MW,1h,NEM,2025-11-08 12:40:11.311426,hourly_1month
2025-10-27 17:00:00+10:00,332227.93,power,MW,1h,NEM,2025-11-08 12:40:11.311426,hourly_1month
2025-10-27 18:00:00+10:00,344392.95,power,MW,1h,NEM,2025-11-08 12:40:11.311426,hourly_1month
2025-10-27 19:00:00+10:00,336931.54,power,MW,1h,NEM,2025-11-08 12:40:11.311426,hourly_1month
2025-10-27 20:00:00+10:00,319592.01,power,MW,1h,NEM,2025-11-08 12:40:11.311426,hourly_1month
2025-10-27 21:00:00+10:00,298229.97,power,MW,1h,NEM,2025-11-08 12:40:11.311426,hourly_1month
2025-10-27 22:00:00+10:00,279490.45,power,MW,1h,NEM,2025-11-08 12:40:11.311426,hourly_1month
2025-10-27 23:00:00+10:00,267909.99,power,MW,1h,NEM,2025-11-08 12:40:11.311426,hourly_1month
2025-10-28 00:00:00+10:00,255459.69,power,MW,1h,NEM,2025-11-08 12:40:11.311426,hourly_1month
2025-10-28 01:00:00+10:00,244173.97,power,MW,1h,NEM,2025-11-08 12:40:11.311426,hourly_1month
2025-10-28 02:00:00+10:00,238551.86,power,MW,1h,NEM,2025-11-08 12:40:11.311426,hourly_1month
2025-10-28 03:00:00+10:00,218485.41,power,MW,1h,NEM,2025-11-08 12:40:11.311426,hourly_1month
2025-10-28 04:00:00+10:00,0.0,power,MW,1h,NEM,2025-11-08 12:40:11.311426,hourly_1month
2025-10-28 05:00:00+10:00,140339.11,power,MW,1h,NEM,2025-11-08 12:40:11.311426,hourly_1month
2025-10-28 06:00:00+10:00,296621.61,power,MW,1h,NEM,2025-11-08 12:40:11.311426,hourly_1month
2025-10-28 07:00:00+10:00,285133.55,power,MW,1h,NEM,2025-11-08 12:40:11.311426,hourly_1month
2025-10-28 08:00:00+10:00,264237.68,power,MW,1h,NEM,2025-11-08 12:40:11.311426,hourly_1month
2025-10-28 09:00:00+10:00,250100.41,power,MW,1h,NEM,2025-11-08 12:40:11.311426,hourly_1month
2025-10-28 10:00:00+10:00,238252.97,power,MW,1h,NEM,2025-11-08 12:40:11.311426,hourly_1month
2025-10-28 11:00:00+10:00,236487.89,power,MW,1h,NEM,2025-11-08 12:40:11.311426,hourly_1month
2025-10-28 12:00:00+10:00,239694.73,power,MW,1h,NEM,2025-11-08 12:40:11.311426,hourly_1month
2025-10-28 13:00:00+10:00,234546.27,power,MW,1h,NEM,2025-11-08 12:40:11.311426,hourly_1month
2025-10-28 14:00:00+10:00,233510.92,power,MW,1h,NEM,2025-11-08 12:40:11.311426,hourly_1month
2025-10-28 15:00:00+10:00,246446.31,power,MW,1h,NEM,2025-11-08 12:40:11.311426,hourly_1month
2025-10-28 16:00:00+10:00,269138.7,power,MW,1h,NEM,2025-11-08 12:40:11.311426,hourly_1month
2025-10-28 17:00:00+10:00,291857.16,power,MW,1h,NEM,2025-11-08 12:40:11.311426,hourly_1month
2025-10-28 18:00:00+10:00,307113.47,power,MW,1h,NEM,2025-11-08 12:40:11.311426,hourly_1month
2025-10-28 19:00:00+10:00,308353.97,power,MW,1h,NEM,2025-11-08 12:40:11.311426,hourly_1month
2025-10-28 20:00:00+10:00,296040.23,power,MW,1h,NEM,2025-11-08 12:40:11.311426,hourly_1month
2025-10-28 21:00:00+10:00,281025.35,power,MW,1h,NEM,2025-11-08 12:40:11.311426,hourly_1month
2025-10-28 22:00:00+10:00,263084.51,power,MW,1h,NEM,2025-11-08 12:40:11.311426,hourly_1month
2025-10-28 23:00:00+10:00,254757.32,power,MW,1h,NEM,2025-11-08 12:40:11.311426,hourly_1month
2025-10-29 00:00:00+10:00,245616.45,power,MW,1h,NEM,2025-11-08 12:40:11.311426,hourly_1month
2025-10-29 01:00:00+10:00,236762.85,power,MW,1h,NEM,2025-11-08 12:40:11.311426,hourly_1month
2025-10-29 02:00:00+10:00,230608.18,power,MW,1h,NEM,2025-11-08 12:40:11.311426,hourly_1month
2025-10-29 03:00:00+10:00,229635.84,power,MW,1h,NEM,2025-11-08 12:40:11.311426,hourly_1month
2025-10-29 04:00:00+10:00,240482.07,power,MW,1h,NEM,2025-11-08 12:40:11.311426,hourly_1month
2025-10-29 05:00:00+10:00,271231.63,power,MW,1h,NEM,2025-11-08 12:40:11.311426,hourly_1month
2025-10-29 06:00:00+10:00,284893.01,power,MW,1h,NEM,2025-11-08 12:40:11.311426,hourly_1month
2025-10-29 07:00:00+10:00,264733.2,power,MW,1h,NEM,2025-11-08 12:40:11.311426,hourly_1month
2025-10-29 08:00:00+10:00,239271.31,power,MW,1h,NEM,2025-11-08 12:40:11.311426,hourly_1month
2025-10-29 09:00:00+10:00,226821.8,power,MW,1h,NEM,2025-11-08 12:40:11.311426,hourly_1month
2025-10-29 10:00:00+10:00,217003.11,power,MW,1h,NEM,2025-11-08 12:40:11.311426,hourly_1month
2025-10-29 11:00:00+10:00,210150.59,power,MW,1h,NEM,2025-11-08 12:40:11.311426,hourly_1month
2025-10-29 12:00:00+10:00,215231.02,power,MW,1h,NEM,2025-11-08 12:40:11.311426,hourly_1month
2025-10-29 13:00:00+10:00,214184.56,power,MW,1h,NEM,2025-11-08 12:40:11.311426,hourly_1month
2025-10-29 14:00:00+10:00,217607.11,power,MW,1h,NEM,2025-11-08 12:40:11.311426,hourly_1month
2025-10-29 15:00:00+10:00,232406.62,power,MW,1h,NEM,2025-11-08 12:40:11.311426,hourly_1month
2025-10-29 16:00:00+10:00,261917.89,power,MW,1h,NEM,2025-11-08 12:40:11.311426,hourly_1month
2025-10-29 17:00:00+10:00,288753.61,power,MW,1h,NEM,2025-11-08 12:40:11.311426,hourly_1month
2025-10-29 18:00:00+10:00,317583.74,power,MW,1h,NEM,2025-11-08 12:40:11.311426,hourly_1month
2025-10-29 19:00:00+10:00,315260.34,power,MW,1h,NEM,2025-11-08 12:40:11.311426,hourly_1month
2025-10-29 20:00:00+10:00,297942.91,power,MW,1h,NEM,2025-11-08 12:40:11.311426,hourly_1month
2025-10-29 21:00:00+10:00,279726.61,power,MW,1h,NEM,2025-11-08 12:40:11.311426,hourly_1month
2025-10-29 22:00:00+10:00,264714.18,power,MW,1h,NEM,2025-11-08 12:40:11.311426,hourly_1month
2025-10-29 23:00:00+10:00,254081.81,power,MW,1h,NEM,2025-11-08 12:40:11.311426,hourly_1month
2025-10-30 00:00:00+10:00,245034.21,power,MW,1h,NEM,2025-11-08 12:40:11.311426,hourly_1month
2025-10-30 01:00:00+10:00,237359.6,power,MW,1h,NEM,2025-11-08 12:40:11.311426,hourly_1month
2025-10-30 02:00:00+10:00,233789.7,power,MW,1h,NEM,2025-11-08 12:40:11.311426,hourly_1month
2025-10-30 03:00:00+10:00,231121.49,power,MW,1h,NEM,2025-11-08 12:40:11.311426,hourly_1month
2025-10-30 04:00:00+10:00,237805.43,power,MW,1h,NEM,2025-11-08 12:40:11.311426,hourly_1month
2025-10-30 05:00:00+10:00,256646.27,power,MW,1h,NEM,2025-11-08 12:40:11.311426,hourly_1month
2025-10-30 06:00:00+10:00,261229.48,power,MW,1h,NEM,2025-11-08 12:40:11.311426,hourly_1month
2025-10-30 07:00:00+10:00,241694.55,power,MW,1h,NEM,2025-11-08 12:40:11.311426,hourly_1month
2025-10-30 08:00:00+10:00,216217.52,power,MW,1h,NEM,2025-11-08 12:40:11.311426,hourly_1month
2025-10-30 09:00:00+10:00,208109.96,power,MW,1h,NEM,2025-11-08 12:40:11.311426,hourly_1month
2025-10-30 10:00:00+10:00,206969.26,power,MW,1h,NEM,2025-11-08 12:40:11.311426,hourly_1month
2025-10-30 11:00:00+10:00,206476.88,power,MW,1h,NEM,2025-11-08 12:40:11.311426,hourly_1month
2025-10-30 12:00:00+10:00,216804.29,power,MW,1h,NEM,2025-11-08 12:40:11.311426,hourly_1month
2025-10-30 13:00:00+10:00,232877.44,power,MW,1h,NEM,2025-11-08 12:40:11.311426,hourly_1month
2025-10-30 14:00:00+10:00,231317.01,power,MW,1h,NEM,2025-11-08 12:40:11.311426,hourly_1month
2025-10-30 15:00:00+10:00,243242.82,power,MW,1h,NEM,2025-11-08 12:40:11.311426,hourly_1month
2025-10-30 16:00:00+10:00,263118.67,power,MW,1h,NEM,2025-11-08 12:40:11.311426,hourly_1month
2025-10-30 17:00:00+10:00,294998.48,power,MW,1h,NEM,2025-11-08 12:40:11.311426,hourly_1month
2025-10-30 18:00:00+10:00,317735.81,power,MW,1h,NEM,2025-11-08 12:40:11.311426,hourly_1month
2025-10-30 19:00:00+10:00,310808.53,power,MW,1h,NEM,2025-11-08 12:40:11.311426,hourly_1month
2025-10-30 20:00:00+10:00,291783.08,power,MW,1h,NEM,2025-11-08 12:40:11.311426,hourly_1month
2025-10-30 21:00:00+10:00,280047.66,power,MW,1h,NEM,2025-11-08 12:40:11.311426,hourly_1month
2025-10-30 22:00:00+10:00,265554.2,power,MW,1h,NEM,2025-11-08 12:40:11.311426,hourly_1month
2025-10-30 23:00:00+10:00,254828.34,power,MW,1h,NEM,2025-11-08 12:40:11.311426,hourly_1month
2025-10-31 00:00:00+10:00,246250.69,power,MW,1h,NEM,2025-11-08 12:40:11.311426,hourly_1month
2025-10-31 01:00:00+10:00,241385.85,power,MW,1h,NEM,2025-11-08 12:40:11.311426,hourly_1month
2025-10-31 02:00:00+10:00,233686.72,power,MW,1h,NEM,2025-11-08 12:40:11.311426,hourly_1month
2025-10-31 03:00:00+10:00,231577.93,power,MW,1h,NEM,2025-11-08 12:40:11.311426,hourly_1month
2025-10-31 04:00:00+10:00,237189.44,power,MW,1h,NEM,2025-11-08 12:40:11.311426,hourly_1month
2025-10-31 05:00:00+10:00,254253.95,power,MW,1h,NEM,2025-11-08 12:40:11.311426,hourly_1month
2025-10-31 06:00:00+10:00,260198.56,power,MW,1h,NEM,2025-11-08 12:40:11.311426,hourly_1month
2025-10-31 07:00:00+10:00,251233.5,power,MW,1h,NEM,2025-11-08 12:40:11.311426,hourly_1month
2025-10-31 08:00:00+10:00,244857.81,power,MW,1h,NEM,2025-11-08 12:40:11.311426,hourly_1month
2025-10-31 09:00:00+10:00,239334.77,power,MW,1h,NEM,2025-11-08 12:40:11.311426,hourly_1month
2025-10-31 10:00:00+10:00,237065.07,power,MW,1h,NEM,2025-11-08 12:40:11.311426,hourly_1month
2025-10-31 11:00:00+10:00,231844.32,power,MW,1h,NEM,2025-11-08 12:40:11.311426,hourly_1month
2025-10-31 12:00:00+10:00,230128.53,power,MW,1h,NEM,2025-11-08 12:40:11.311426,hourly_1month
2025-10-31 13:00:00+10:00,223401.67,power,MW,1h,NEM,2025-11-08 12:40:11.311426,hourly_1month
2025-10-31 14:00:00+10:00,242996.88,power,MW,1h,NEM,2025-11-08 12:40:11.311426,hourly_1month
2025-10-31 15:00:00+10:00,261019.48,power,MW,1h,NEM,2025-11-08 12:40:11.311426,hourly_1month
2025-10-31 16:00:00+10:00,282685.9,power,MW,1h,NEM,2025-11-08 12:40:11.311426,hourly_1month
2025-10-31 17:00:00+10:00,298576.76,power,MW,1h,NEM,2025-11-08 12:40:11.311426,hourly_1month
2025-10-31 18:00:00+10:00,308472.61,power,MW,1h,NEM,2025-11-08 12:40:11.311426,hourly_1month
2025-10-31 19:00:00+10:00,298952.47,power,MW,1h,NEM,2025-11-08 12:40:11.311426,hourly_1month
2025-10-31 20:00:00+10:00,285742.61,power,MW,1h,NEM,2025-11-08 12:40:11.311426,hourly_1month
2025-10-31 21:00:00+10:00,275008.3,power,MW,1h,NEM,2025-11-08 12:40:11.311426,hourly_1month
2025-10-31 22:00:00+10:00,261762.13,power,MW,1h,NEM,2025-11-08 12:40:11.311426,hourly_1month
2025-10-31 23:00:00+10:00,252648.46,power,MW,1h,NEM,2025-11-08 12:40:11.311426,hourly_1month
2025-11-01 00:00:00+10:00,242886.04,power,MW,1h,NEM,2025-11-08 12:40:11.311426,hourly_1month
2025-11-01 01:00:00+10:00,233076.88,power,MW,1h,NEM,2025-11-08 12:40:11.311426,hourly_1month
2025-11-01 02:00:00+10:00,226388.5,power,MW,1h,NEM,2025-11-08 12:40:11.311426,hourly_1month
2025-11-01 03:00:00+10:00,223152.63,power,MW,1h,NEM,2025-11-08 12:40:11.311426,hourly_1month
2025-11-01 04:00:00+10:00,225672.12,power,MW,1h,NEM,2025-11-08 12:40:11.311426,hourly_1month
2025-11-01 05:00:00+10:00,231873.95,power,MW,1h,NEM,2025-11-08 12:40:11.311426,hourly_1month
2025-11-01 06:00:00+10:00,227635.3,power,MW,1h,NEM,2025-11-08 12:40:11.311426,hourly_1month
2025-11-01 07:00:00+10:00,230605.81,power,MW,1h,NEM,2025-11-08 12:40:11.311426,hourly_1month
2025-11-01 08:00:00+10:00,223282.55,power,MW,1h,NEM,2025-11-08 12:40:11.311426,hourly_1month
2025-11-01 09:00:00+10:00,207444.68,power,MW,1h,NEM,2025-11-08 12:40:11.311426,hourly_1month
2025-11-01 10:00:00+10:00,200549.43,power,MW,1h,NEM,2025-11-08 12:40:11.311426,hourly_1month
2025-11-01 11:00:00+10:00,192388.31,power,MW,1h,NEM,2025-11-08 12:40:11.311426,hourly_1month
2025-11-01 12:00:00+10:00,190316.63,power,MW,1h,NEM,2025-11-08 12:40:11.311426,hourly_1month
2025-11-01 13:00:00+10:00,200633.71,power,MW,1h,NEM,2025-11-08 12:40:11.311426,hourly_1month
2025-11-01 14:00:00+10:00,213037.92,power,MW,1h,NEM,2025-11-08 12:40:11.311426,hourly_1month
2025-11-01 15:00:00+10:00,215909.58,power,MW,1h,NEM,2025-11-08 12:40:11.311426,hourly_1month
2025-11-01 16:00:00+10:00,236305.47,power,MW,1h,NEM,2025-11-08 12:40:11.311426,hourly_1month
2025-11-01 17:00:00+10:00,271532.09,power,MW,1h,NEM,2025-11-08 12:40:11.311426,hourly_1month
2025-11-01 18:00:00+10:00,300080.98,power,MW,1h,NEM,2025-11-08 12:40:11.311426,hourly_1month
2025-11-01 19:00:00+10:00,296272.4,power,MW,1h,NEM,2025-11-08 12:40:11.311426,hourly_1month
2025-11-01 20:00:00+10:00,278227.16,power,MW,1h,NEM,2025-11-08 12:40:11.311426,hourly_1month
2025-11-01 21:00:00+10:00,263520.32,power,MW,1h,NEM,2025-11-08 12:40:11.311426,hourly_1month
2025-11-01 22:00:00+10:00,250500.48,power,MW,1h,NEM,2025-11-08 12:40:11.311426,hourly_1month
2025-11-01 23:00:00+10:00,243622.24,power,MW,1h,NEM,2025-11-08 12:40:11.311426,hourly_1month
2025-11-02 00:00:00+10:00,235441.72,power,MW,1h,NEM,2025-11-08 12:40:11.311426,hourly_1month
2025-11-02 01:00:00+10:00,227507.24,power,MW,1h,NEM,2025-11-08 12:40:11.311426,hourly_1month
2025-11-02 02:00:00+10:00,221603.67,power,MW,1h,NEM,2025-11-08 12:40:11.311426,hourly_1month
2025-11-02 03:00:00+10:00,217182.46,power,MW,1h,NEM,2025-11-08 12:40:11.311426,hourly_1month
2025-11-02 04:00:00+10:00,218147.49,power,MW,1h,NEM,2025-11-08 12:40:11.311426,hourly_1month
2025-11-02 05:00:00+10:00,219116.05,power,MW,1h,NEM,2025-11-08 12:40:11.311426,hourly_1month
2025-11-02 06:00:00+10:00,221765.07,power,MW,1h,NEM,2025-11-08 12:40:11.311426,hourly_1month
2025-11-02 07:00:00+10:00,217175.41,power,MW,1h,NEM,2025-11-08 12:40:11.311426,hourly_1month
2025-11-02 08:00:00+10:00,213381.77,power,MW,1h,NEM,2025-11-08 12:40:11.311426,hourly_1month
2025-11-02 09:00:00+10:00,211286.03,power,MW,1h,NEM,2025-11-08 12:40:11.311426,hourly_1month
2025-11-02 10:00:00+10:00,210933.8,power,MW,1h,NEM,2025-11-08 12:40:11.311426,hourly_1month
2025-11-02 11:00:00+10:00,210098.17,power,MW,1h,NEM,2025-11-08 12:40:11.311426,hourly_1month
2025-11-02 12:00:00+10:00,205186.48,power,MW,1h,NEM,2025-11-08 12:40:11.311426,hourly_1month
2025-11-02 13:00:00+10:00,209483.77,power,MW,1h,NEM,2025-11-08 12:40:11.311426,hourly_1month
2025-11-02 14:00:00+10:00,223410.32,power,MW,1h,NEM,2025-11-08 12:40:11.311426,hourly_1month
2025-11-02 15:00:00+10:00,243644.24,power,MW,1h,NEM,2025-11-08 12:40:11.311426,hourly_1month
2025-11-02 16:00:00+10:00,273255.59,power,MW,1h,NEM,2025-11-08 12:40:11.311426,hourly_1month
2025-11-02 17:00:00+10:00,311887.27,power,MW,1h,NEM,2025-11-08 12:40:11.311426,hourly_1month
2025-11-02 18:00:00+10:00,321940.49,power,MW,1h,NEM,2025-11-08 12:40:11.311426,hourly_1month
2025-11-02 19:00:00+10:00,309468.72,power,MW,1h,NEM,2025-11-08 12:40:11.311426,hourly_1month
2025-11-02 20:00:00+10:00,291924.82,power,MW,1h,NEM,2025-11-08 12:40:11.311426,hourly_1month
2025-11-02 21:00:00+10:00,279019.71,power,MW,1h,NEM,2025-11-08 12:40:11.311426,hourly_1month
2025-11-02 22:00:00+10:00,261392.88,power,MW,1h,NEM,2025-11-08 12:40:11.311426,hourly_1month
2025-11-02 23:00:00+10:00,254147.48,power,MW,1h,NEM,2025-11-08 12:40:11.311426,hourly_1month
2025-11-03 00:00:00+10:00,242292.47,power,MW,1h,NEM,2025-11-08 12:40:11.311426,hourly_1month
2025-11-03 01:00:00+10:00,233154.67,power,MW,1h,NEM,2025-11-08 12:40:11.311426,hourly_1month
2025-11-03 02:00:00+10:00,226585.45,power,MW,1h,NEM,2025-11-08 12:40:11.311426,hourly_1month
2025-11-03 03:00:00+10:00,226151.91,power,MW,1h,NEM,2025-11-08 12:40:11.311426,hourly_1month
2025-11-03 04:00:00+10:00,231748.69,power,MW,1h,NEM,2025-11-08 12:40:11.311426,hourly_1month
2025-11-03 05:00:00+10:00,248252.42,power,MW,1h,NEM,2025-11-08 12:40:11.311426,hourly_1month
2025-11-03 06:00:00+10:00,262264.53,power,MW,1h,NEM,2025-11-08 12:40:11.311426,hourly_1month
2025-11-03 07:00:00+10:00,268398.52,power,MW,1h,NEM,2025-11-08 12:40:11.311426,hourly_1month
2025-11-03 08:00:00+10:00,261490.86,power,MW,1h,NEM,2025-11-08 12:40:11.311426,hourly_1month
2025-11-03 09:00:00+10:00,253206.13,power,MW,1h,NEM,2025-11-08 12:40:11.311426,hourly_1month
2025-11-03 10:00:00+10:00,252343.0,power,MW,1h,NEM,2025-11-08 12:40:11.311426,hourly_1month
2025-11-03 11:00:00+10:00,254743.29,power,MW,1h,NEM,2025-11-08 12:40:11.311426,hourly_1month
2025-11-03 12:00:00+10:00,257933.43,power,MW,1h,NEM,2025-11-08 12:40:11.311426,hourly_1month
2025-11-03 13:00:00+10:00,262371.2,power,MW,1h,NEM,2025-11-08 12:40:11.311426,hourly_1month
2025-11-03 14:00:00+10:00,279769.31,power,MW,1h,NEM,2025-11-08 12:40:11.311426,hourly_1month
2025-11-03 15:00:00+10:00,302707.36,power,MW,1h,NEM,2025-11-08 12:40:11.311426,hourly_1month
2025-11-03 16:00:00+10:00,328116.32,power,MW,1h,NEM,2025-11-08 12:40:11.311426,hourly_1month
2025-11-03 17:00:00+10:00,341705.69,power,MW,1h,NEM,2025-11-08 12:40:11.311426,hourly_1month
2025-11-03 18:00:00+10:00,338887.91,power,MW,1h,NEM,2025-11-08 12:40:11.311426,hourly_1month
2025-11-03 19:00:00+10:00,329226.05,power,MW,1h,NEM,2025-11-08 12:40:11.311426,hourly_1month
2025-11-03 20:00:00+10:00,321464.7,power,MW,1h,NEM,2025-11-08 12:40:11.311426,hourly_1month
2025-11-03 21:00:00+10:00,297059.2,power,MW,1h,NEM,2025-11-08 12:40:11.311426,hourly_1month
2025-11-03 22:00:00+10:00,275779.4,power,MW,1h,NEM,2025-11-08 12:40:11.311426,hourly_1month
2025-11-03 23:00:00+10:00,262449.96,power,MW,1h,NEM,2025-11-08 12:40:11.311426,hourly_1month
2025-11-04 00:00:00+10:00,249306.59,power,MW,1h,NEM,2025-11-08 12:40:11.311426,hourly_1month
2025-11-04 01:00:00+10:00,238185.47,power,MW,1h,NEM,2025-11-08 12:40:11.311426,hourly_1month
2025-11-04 02:00:00+10:00,230924.08,power,MW,1h,NEM,2025-11-08 12:40:11.311426,hourly_1month
2025-11-04 03:00:00+10:00,228924.17,power,MW,1h,NEM,2025-11-08 12:40:11.311426,hourly_1month
2025-11-04 04:00:00+10:00,234127.89,power,MW,1h,NEM,2025-11-08 12:40:11.311426,hourly_1month
2025-11-04 05:00:00+10:00,249922.33,power,MW,1h,NEM,2025-11-08 12:40:11.311426,hourly_1month
2025-11-04 06:00:00+10:00,260715.47,power,MW,1h,NEM,2025-11-08 12:40:11.311426,hourly_1month
2025-11-04 07:00:00+10:00,252979.43,power,MW,1h,NEM,2025-11-08 12:40:11.311426,hourly_1month
2025-11-04 08:00:00+10:00,247327.86,power,MW,1h,NEM,2025-11-08 12:40:11.311426,hourly_1month
2025-11-04 09:00:00+10:00,248552.47,power,MW,1h,NEM,2025-11-08 12:40:11.311426,hourly_1month
2025-11-04 10:00:00+10:00,227163.99,power,MW,1h,NEM,2025-11-08 12:40:11.311426,hourly_1month
2025-11-04 11:00:00+10:00,230718.59,power,MW,1h,NEM,2025-11-08 12:40:11.311426,hourly_1month
2025-11-04 12:00:00+10:00,236838.29,power,MW,1h,NEM,2025-11-08 12:40:11.311426,hourly_1month
2025-11-04 13:00:00+10:00,242453.22,power,MW,1h,NEM,2025-11-08 12:40:11.311426,hourly_1month
2025-11-04 14:00:00+10:00,242849.94,power,MW,1h,NEM,2025-11-08 12:40:11.311426,hourly_1month
2025-11-04 15:00:00+10:00,252132.58,power,MW,1h,NEM,2025-11-08 12:40:11.311426,hourly_1month
2025-11-04 16:00:00+10:00,279045.83,power,MW,1h,NEM,2025-11-08 12:40:11.311426,hourly_1month
2025-11-04 17:00:00+10:00,310624.28,power,MW,1h,NEM,2025-11-08 12:40:11.311426,hourly_1month
2025-11-04 18:00:00+10:00,320040.73,power,MW,1h,NEM,2025-11-08 12:40:11.311426,hourly_1month
2025-11-04 19:00:00+10:00,314574.42,power,MW,1h,NEM,2025-11-08 12:40:11.311426,hourly_1month
2025-11-04 20:00:00+10:00,299200.61,power,MW,1h,NEM,2025-11-08 12:40:11.311426,hourly_1month
2025-11-04 21:00:00+10:00,280624.78,power,MW,1h,NEM,2025-11-08 12:40:11.311426,hourly_1month
2025-11-04 22:00:00+10:00,262838.75,power,MW,1h,NEM,2025-11-08 12:40:11.311426,hourly_1month
2025-11-04 23:00:00+10:00,252898.82,power,MW,1h,NEM,2025-11-08 12:40:11.311426,hourly_1month
2025-11-05 00:00:00+10:00,243953.15,power,MW,1h,NEM,2025-11-08 12:40:11.311426,hourly_1month
2025-11-05 01:00:00+10:00,235766.96,power,MW,1h,NEM,2025-11-08 12:40:11.311426,hourly_1month
2025-11-05 02:00:00+10:00,229239.73,power,MW,1h,NEM,2025-11-08 12:40:11.311426,hourly_1month
2025-11-05 03:00:00+10:00,226877.91,power,MW,1h,NEM,2025-11-08 12:40:11.311426,hourly_1month
2025-11-05 04:00:00+10:00,235438.59,power,MW,1h,NEM,2025-11-08 12:40:11.311426,hourly_1month
2025-11-05 05:00:00+10:00,253581.94,power,MW,1h,NEM,2025-11-08 12:40:11.311426,hourly_1month
2025-11-05 06:00:00+10:00,261830.1,power,MW,1h,NEM,2025-11-08 12:40:11.311426,hourly_1month
2025-11-05 07:00:00+10:00,249204.93,power,MW,1h,NEM,2025-11-08 12:40:11.311426,hourly_1month
2025-11-05 08:00:00+10:00,223976.15,power,MW,1h,NEM,2025-11-08 12:40:11.311426,hourly_1month
2025-11-05 09:00:00+10:00,205648.32,power,MW,1h,NEM,2025-11-08 12:40:11.311426,hourly_1month
2025-11-05 10:00:00+10:00,195855.78,power,MW,1h,NEM,2025-11-08 12:40:11.311426,hourly_1month
2025-11-05 11:00:00+10:00,197606.27,power,MW,1h,NEM,2025-11-08 12:40:11.311426,hourly_1month
2025-11-05 12:00:00+10:00,194285.08,power,MW,1h,NEM,2025-11-08 12:40:11.311426,hourly_1month
2025-11-05 13:00:00+10:00,190038.65,power,MW,1h,NEM,2025-11-08 12:40:11.311426,hourly_1month
2025-11-05 14:00:00+10:00,200064.47,power,MW,1h,NEM,2025-11-08 12:40:11.311426,hourly_1month
2025-11-05 15:00:00+10:00,224267.62,power,MW,1h,NEM,2025-11-08 12:40:11.311426,hourly_1month
2025-11-05 16:00:00+10:00,256084.51,power,MW,1h,NEM,2025-11-08 12:40:11.311426,hourly_1month
2025-11-05 17:00:00+10:00,285208.57,power,MW,1h,NEM,2025-11-08 12:40:11.311426,hourly_1month
2025-11-05 18:00:00+10:00,309185.13,power,MW,1h,NEM,2025-11-08 12:40:11.311426,hourly_1month
2025-11-05 19:00:00+10:00,310371.32,power,MW,1h,NEM,2025-11-08 12:40:11.311426,hourly_1month
2025-11-05 20:00:00+10:00,293143.01,power,MW,1h,NEM,2025-11-08 12:40:11.311426,hourly_1month
2025-11-05 21:00:00+10:00,281756.41,power,MW,1h,NEM,2025-11-08 12:40:11.311426,hourly_1month
2025-11-05 22:00:00+10:00,264274.36,power,MW,1h,NEM,2025-11-08 12:40:11.311426,hourly_1month
2025-11-05 23:00:00+10:00,256989.8,power,MW,1h,NEM,2025-11-08 12:40:11.311426,hourly_1month
2025-11-06 00:00:00+10:00,244895.79,power,MW,1h,NEM,2025-11-08 12:40:11.311426,hourly_1month
2025-11-06 01:00:00+10:00,233933.96,power,MW,1h,NEM,2025-11-08 12:40:11.311426,hourly_1month
2025-11-06 02:00:00+10:00,230136.51,power,MW,1h,NEM,2025-11-08 12:40:11.311426,hourly_1month
2025-11-06 03:00:00+10:00,228679.96,power,MW,1h,NEM,2025-11-08 12:40:11.311426,hourly_1month
2025-11-06 04:00:00+10:00,238153.63,power,MW,1h,NEM,2025-11-08 12:40:11.311426,hourly_1month
2025-11-06 05:00:00+10:00,251028.22,power,MW,1h,NEM,2025-11-08 12:40:11.311426,hourly_1month
2025-11-06 06:00:00+10:00,253497.77,power,MW,1h,NEM,2025-11-08 12:40:11.311426,hourly_1month
2025-11-06 07:00:00+10:00,241693.54,power,MW,1h,NEM,2025-11-08 12:40:11.311426,hourly_1month
2025-11-06 08:00:00+10:00,218720.21,power,MW,1h,NEM,2025-11-08 12:40:11.311426,hourly_1month
2025-11-06 09:00:00+10:00,206903.62,power,MW,1h,NEM,2025-11-08 12:40:11.311426,hourly_1month
2025-11-06 10:00:00+10:00,200823.99,power,MW,1h,NEM,2025-11-08 12:40:11.311426,hourly_1month
2025-11-06 11:00:00+10:00,200983.04,power,MW,1h,NEM,2025-11-08 12:40:11.311426,hourly_1month
2025-11-06 12:00:00+10:00,205906.61,power,MW,1h,NEM,2025-11-08 12:40:11.311426,hourly_1month
2025-11-06 13:00:00+10:00,207352.19,power,MW,1h,NEM,2025-11-08 12:40:11.311426,hourly_1month
2025-11-06 14:00:00+10:00,218384.76,power,MW,1h,NEM,2025-11-08 12:40:11.311426,hourly_1month
2025-11-06 15:00:00+10:00,241115.53,power,MW,1h,NEM,2025-11-08 12:40:11.311426,hourly_1month
2025-11-06 16:00:00+10:00,269721.19,power,MW,1h,NEM,2025-11-08 12:40:11.311426,hourly_1month
2025-11-06 17:00:00+10:00,305580.38,power,MW,1h,NEM,2025-11-08 12:40:11.311426,hourly_1month
2025-11-06 18:00:00+10:00,325601.3,power,MW,1h,NEM,2025-11-08 12:40:11.311426,hourly_1month
2025-11-06 19:00:00+10:00,315228.85,power,MW,1h,NEM,2025-11-08 12:40:11.311426,hourly_1month
2025-11-06 20:00:00+10:00,296210.45,power,MW,1h,NEM,2025-11-08 12:40:11.311426,hourly_1month
2025-11-06 21:00:00+10:00,279904.69,power,MW,1h,NEM,2025-11-08 12:40:11.311426,hourly_1month
2025-11-06 22:00:00+10:00,262654.63,power,MW,1h,NEM,2025-11-08 12:40:11.311426,hourly_1month
2025-11-06 23:00:00+10:00,252559.86,power,MW,1h,NEM,2025-11-08 12:40:11.311426,hourly_1month
2025-11-07 00:00:00+10:00,243668.57,power,MW,1h,NEM,2025-11-08 12:40:11.311426,hourly_1month
2025-11-07 01:00:00+10:00,235178.84,power,MW,1h,NEM,2025-11-08 12:40:11.311426,hourly_1month
2025-11-07 02:00:00+10:00,229207.21,power,MW,1h,NEM,2025-11-08 12:40:11.311426,hourly_1month
2025-11-07 03:00:00+10:00,229745.0,power,MW,1h,NEM,2025-11-08 12:40:11.311426,hourly_1month
2025-11-07 04:00:00+10:00,235368.29,power,MW,1h,NEM,2025-11-08 12:40:11.311426,hourly_1month
2025-11-07 05:00:00+10:00,248684.6,power,MW,1h,NEM,2025-11-08 12:40:11.311426,hourly_1month
2025-11-07 06:00:00+10:00,258349.15,power,MW,1h,NEM,2025-11-08 12:40:11.311426,hourly_1month
2025-11-07 07:00:00+10:00,262202.19,power,MW,1h,NEM,2025-11-08 12:40:11.311426,hourly_1month
2025-11-07 08:00:00+10:00,252285.88,power,MW,1h,NEM,2025-11-08 12:40:11.311426,hourly_1month
2025-11-07 09:00:00+10:00,236845.99,power,MW,1h,NEM,2025-11-08 12:40:11.311426,hourly_1month
2025-11-07 10:00:00+10:00,234121.71,power,MW,1h,NEM,2025-11-08 12:40:11.311426,hourly_1month
2025-11-07 11:00:00+10:00,232162.08,power,MW,1h,NEM,2025-11-08 12:40:11.311426,hourly_1month
2025-11-07 12:00:00+10:00,216982.72,power,MW,1h,NEM,2025-11-08 12:40:11.311426,hourly_1month
2025-11-07 13:00:00+10:00,223315.39,power,MW,1h,NEM,2025-11-08 12:40:11.311426,hourly_1month
2025-11-07 14:00:00+10:00,249178.7,power,MW,1h,NEM,2025-11-08 12:40:11.311426,hourly_1month
2025-11-07 15:00:00+10:00,270359.07,power,MW,1h,NEM,2025-11-08 12:40:11.311426,hourly_1month
2025-11-07 16:00:00+10:00,289311.35,power,MW,1h,NEM,2025-11-08 12:40:11.311426,hourly_1month
2025-11-07 17:00:00+10:00,309690.06,power,MW,1h,NEM,2025-11-08 12:40:11.311426,hourly_1month
2025-11-07 18:00:00+10:00,315680.78,power,MW,1h,NEM,2025-11-08 12:40:11.311426,hourly_1month
2025-11-07 19:00:00+10:00,307587.66,power,MW,1h,NEM,2025-11-08 12:40:11.311426,hourly_1month
2025-11-07 20:00:00+10:00,293382.78,power,MW,1h,NEM,2025-11-08 12:40:11.311426,hourly_1month
2025-11-07 21:00:00+10:00,280913.24,power,MW,1h,NEM,2025-11-08 12:40:11.311426,hourly_1month
2025-11-07 22:00:00+10:00,265473.6,power,MW,1h,NEM,2025-11-08 12:40:11.311426,hourly_1month
2025-11-07 23:00:00+10:00,256427.62,power,MW,1h,NEM,2025-11-08 12:40:11.311426,hourly_1month
2025-11-08 00:00:00+10:00,246209.92,power,MW,1h,NEM,2025-11-08 12:40:11.311426,hourly_1month
2025-11-08 01:00:00+10:00,236778.41,power,MW,1h,NEM,2025-11-08 12:40:11.311426,hourly_1month
2025-11-08 02:00:00+10:00,230226.17,power,MW,1h,NEM,2025-11-08 12:40:11.311426,hourly_1month
2025-11-08 03:00:00+10:00,226611.21,power,MW,1h,NEM,2025-11-08 12:40:11.311426,hourly_1month
2025-11-08 04:00:00+10:00,227239.9,power,MW,1h,NEM,2025-11-08 12:40:11.311426,hourly_1month
2025-11-08 05:00:00+10:00,230301.55,power,MW,1h,NEM,2025-11-08 12:40:11.311426,hourly_1month
2025-11-08 06:00:00+10:00,237552.39,power,MW,1h,NEM,2025-11-08 12:40:11.311426,hourly_1month
2025-11-08 07:00:00+10:00,246533.03,power,MW,1h,NEM,2025-11-08 12:40:11.311426,hourly_1month
2025-11-08 08:00:00+10:00,237150.34,power,MW,1h,NEM,2025-11-08 12:40:11.311426,hourly_1month
2025-11-08 09:00:00+10:00,223741.9,power,MW,1h,NEM,2025-11-08 12:40:11.311426,hourly_1month
2025-11-08 10:00:00+10:00,226067.68,power,MW,1h,NEM,2025-11-08 12:40:11.311426,hourly_1month
2025-11-08 11:00:00+10:00,225741.88,power,MW,1h,NEM,2025-11-08 12:40:11.311426,hourly_1month
2025-11-08 12:00:00+10:00,227466.58,power,MW,1h,NEM,2025-11-08 12:40:11.311426,hourly_1month
